<!--
  ~ Licensed to the Apache Software Foundation (ASF) under one or more
  ~ contributor license agreements.  See the NOTICE file distributed with
  ~ this work for additional information regarding copyright ownership.
  ~ The ASF licenses this file to You under the Apache License, Version 2.0
  ~ (the "License"); you may not use this file except in compliance with
  ~ the License.  You may obtain a copy of the License at
  ~
  ~    http://www.apache.org/licenses/LICENSE-2.0
  ~
  ~ Unless required by applicable law or agreed to in writing, software
  ~ distributed under the License is distributed on an "AS IS" BASIS,
  ~ WITHOUT WARRANTIES OR CONDITIONS OF ANY KIND, either express or implied.
  ~ See the License for the specific language governing permissions and
  ~ limitations under the License.
  -->

<assembly xmlns="http://maven.apache.org/plugins/maven-assembly-plugin/assembly/1.1.2"
    xmlns:xsi="http://www.w3.org/2001/XMLSchema-instance"
    xsi:schemaLocation="http://maven.apache.org/plugins/maven-assembly-plugin/assembly/1.1.2 http://maven.apache.org/xsd/assembly-1.1.2.xsd">
  <id>final-distribution</id>
  <formats>
    <format>dir</format>
    <format>tar.gz</format>
    <!-- format>zip</format -->
  </formats>
  <includeBaseDirectory>true</includeBaseDirectory>
  <baseDirectory>zeppelin-${project.version}</baseDirectory>
 
  <dependencySets>
    <dependencySet>
      <!-- Enable access to all projects in the current multimodule build! 
      <useAllReactorProjects>true</useAllReactorProjects> -->
      <!-- Now, select which projects to include in this module-set. -->
      <includes>
        <include>org.apache.zeppelin:zeppelin-server</include>
        <include>org.apache.zeppelin:zeppelin-web</include>
      </includes>
      <useProjectArtifact>false</useProjectArtifact>
      <useTransitiveDependencies>false</useTransitiveDependencies>
    </dependencySet>
    <dependencySet>
      <outputDirectory>/lib</outputDirectory>
      <useProjectArtifact>false</useProjectArtifact>
      <excludes>
        <exclude>${project.groupId}:zeppelin-web</exclude>
        <exclude>${project.groupId}:zeppelin-server</exclude>
      </excludes>
    </dependencySet>
  </dependencySets>

  <fileSets>
    <fileSet>
      <directory>../</directory>
      <includes>
        <include>README.md</include>
        <include>LICENSE*</include>
        <include>NOTICE</include>
        <include>DISCLAIMER</include>
      </includes>
    </fileSet>
    <fileSet>
      <directory>../bin</directory>
      <directoryMode>0755</directoryMode>
      <fileMode>0755</fileMode>
    </fileSet>
    <fileSet>
      <directory>../licenses</directory>
    </fileSet>
    <fileSet>
      <directory>../conf</directory>
      <excludes>
        <exclude>interpreter.json</exclude>
        <exclude>zeppelin-env.cmd</exclude>
        <exclude>zeppelin-env.sh</exclude>
        <exclude>zeppelin-site.xml</exclude>
      </excludes>
    </fileSet>
    <fileSet>
      <directory>../interpreter</directory>
    </fileSet>
    <fileSet>
      <directory>../notebook</directory>
    </fileSet>
  </fileSets>
    <!--<fileSet>
      <directory>zeppelin-cli/target</directory>
      <outputDirectory></outputDirectory>
      <includes>
        <include>*.jar</include>
        <include>lib/*.jar</include>
      </includes>
    </fileSet>
  </fileSets>-->

</assembly>

