[
  {
    "group": "jdbc",
    "name": "sql",
    "className": "org.apache.zeppelin.jdbc.JDBCInterpreter",
    "properties": {
      "default.url": {
        "envName": null,
        "propertyName": "default.url",
        "defaultValue": "jdbc:postgresql://localhost:5432/",
        "description": "The URL for JDBC."
      },
      "default.user": {
        "envName": null,
        "propertyName": "default.user",
        "defaultValue": "gpadmin",
        "description": "The JDBC user name"
      },
      "default.password": {
        "envName": null,
        "propertyName": "default.password",
        "defaultValue": "",
        "description": "The JDBC user password"
      },
      "default.driver": {
        "envName": null,
        "propertyName": "default.driver",
        "defaultValue": "org.postgresql.Driver",
        "description": "JDBC Driver Name"
      },
      "common.max_count": {
        "envName": null,
        "propertyName": "common.max_count",
        "defaultValue": "1000",
        "description": "Max number of SQL result to display."
      },
      "zeppelin.jdbc.concurrent.use": {
        "envName": null,
        "propertyName": "zeppelin.jdbc.concurrent.use",
        "defaultValue": "true",
        "description": "Use parallel scheduler"
      },
      "zeppelin.jdbc.concurrent.max_connection": {
        "envName": null,
        "propertyName": "zeppelin.jdbc.concurrent.max_connection",
        "defaultValue": "10",
        "description": "Number of concurrent execution"
      },
      "hive.url": {
        "envName": null,
        "propertyName": "hive.url",
        "defaultValue": "jdbc:hive2://localhost:10000",
        "description": ""
      },
      "hive.user": {
        "envName": null,
        "propertyName": "hive.user",
        "defaultValue": "hive",
        "description": ""
      },
      "hive.password": {
        "envName": null,
        "propertyName": "hive.password",
        "defaultValue": "",
        "description": ""
      },
      "hive.driver": {
        "envName": null,
        "propertyName": "hive.driver",
        "defaultValue": "org.apache.hive.jdbc.HiveDriver",
        "description": ""
      },
      "phoenix.url": {
        "envName": null,
        "propertyName": "phoenix.url",
        "defaultValue": "jdbc:phoenix:localhost:2181:/hbase-unsecure",
        "description": ""
      },
      "phoenix.user": {
        "envName": null,
        "propertyName": "phoenix.user",
        "defaultValue": "phoenixuser",
        "description": ""
      },
      "phoenix.password": {
        "envName": null,
        "propertyName": "phoenix.password",
        "defaultValue": "",
        "description": ""
      },
      "phoenix.driver": {
        "envName": null,
        "propertyName": "phoenix.driver",
        "defaultValue": "org.apache.phoenix.jdbc.PhoenixDriver",
        "description": ""
      },
      "phoenix.hbase.client.retries.number": {
        "envName": null,
        "propertyName": "phoenix.hbase.client.retries.number",
        "defaultValue": "1",
        "description": "Maximum retries.  Used as maximum for all retryable operations such as the getting of a cell's value, starting a row update, etc."
      },
      "tajo.url": {
        "envName": null,
        "propertyName": "tajo.url",
        "defaultValue": "jdbc:tajo://localhost:26002/default",
        "description": ""
      },
      "tajo.driver": {
        "envName": null,
        "propertyName": "tajo.driver",
        "defaultValue": "org.apache.tajo.jdbc.TajoDriver",
        "description": ""
      },
      "psql.url": {
        "envName": null,
        "propertyName": "psql.url",
        "defaultValue": "jdbc:postgresql://localhost:5432/",
        "description": ""
      },
      "psql.user": {
        "envName": null,
        "propertyName": "psql.user",
        "defaultValue": "phoenixuser",
        "description": ""
      },
      "psql.password": {
        "envName": null,
        "propertyName": "psql.password",
        "defaultValue": "",
        "description": ""
      },
      "psql.driver": {
        "envName": null,
        "propertyName": "psql.driver",
        "defaultValue": "org.postgresql.Driver",
        "description": ""
      }
    }
  }
]
